DELETE FROM FILM_LIKES;
DELETE FROM FILM_GENRES;
DELETE FROM USER_FRIENDS;

DELETE FROM FILMS;
DELETE FROM USERS;
DELETE FROM GENRES;

/*
INSERT INTO FILMS
(FILM_ID, NAME, DESCRIPTION, RELEASE_DATE, DURATION, MPA_RATING)
VALUES(-1, 'Matrix', 'Matrix film', '1998-10-12', 100, 3);
INSERT INTO FILMS
(FILM_ID, NAME, DESCRIPTION, RELEASE_DATE, DURATION, MPA_RATING)
VALUES(-2, 'Matrix 2', 'Matrix 2 film', '2001-05-18', 120, 5);
INSERT INTO FILMS
(FILM_ID, NAME, DESCRIPTION, RELEASE_DATE, DURATION, MPA_RATING)
VALUES(-3, 'P & P', 'Pride & Prejudice', '2005-07-27', 180, 2);
INSERT INTO PUBLIC.FILMS
(FILM_ID, NAME, DESCRIPTION, RELEASE_DATE, DURATION, MPA_RATING)
VALUES(-4, 'Puare', 'Puare with Atkinson', '2015-10-17', 240, 4);

INSERT INTO USERS
(USER_ID, EMAIL, LOGIN, NAME, BIRTHDAY)
VALUES(-1, 'lera@mail.ru', 'lera', 'Valeria', '1979-12-23');
INSERT INTO USERS
(USER_ID, EMAIL, LOGIN, NAME, BIRTHDAY)
VALUES(-2, 'serg@mail.ru', 'serg', 'Sergei', '1975-01-27');
INSERT INTO USERS
(USER_ID, EMAIL, LOGIN, NAME, BIRTHDAY)
VALUES(-3, 'nina@mail.ru', 'nina', 'Nina', '2011-10-11');

INSERT INTO FILM_LIKES
(FILM_ID, USER_ID)
VALUES(-1, -2);
INSERT INTO FILM_LIKES
(FILM_ID, USER_ID)
VALUES(-2, -2);
INSERT INTO FILM_LIKES
(FILM_ID, USER_ID)
VALUES(-3, -1);
INSERT INTO FILM_LIKES
(FILM_ID, USER_ID)
VALUES(-4, -1);

INSERT INTO USER_FRIENDS(USER_ID, FRIEND_ID, STATUS)
VALUES(-1, -2, 0);
INSERT INTO USER_FRIENDS(USER_ID, FRIEND_ID, STATUS)
VALUES(-1, -3, 0);
INSERT INTO USER_FRIENDS(USER_ID, FRIEND_ID, STATUS)
VALUES(-2, -3, 0);
*/

INSERT INTO GENRES(GENRE_ID, NAME)
VALUES(1, 'Комедия');
INSERT INTO GENRES(GENRE_ID, NAME)
VALUES(2, 'Драма');
INSERT INTO GENRES(GENRE_ID, NAME)
VALUES(3, 'Мультфильм');
INSERT INTO GENRES(GENRE_ID, NAME)
VALUES(4, 'Триллер');
INSERT INTO GENRES(GENRE_ID, NAME)
VALUES(5, 'Документальный');
INSERT INTO GENRES(GENRE_ID, NAME)
VALUES(6, 'Боевик');

--INSERT INTO FILM_GENRES(FILM_ID, GENRE_ID)
--VALUES(-1, 4);
--INSERT INTO FILM_GENRES(FILM_ID, GENRE_ID)
--VALUES(-1, 6);
